MALE,TOP/HOODIE,PANTS,SHOES,ACCESSORY,MASKS,HEADWEAR,WATCH,BACKPACK SKINS,SPATIAL SOUND EFFECTS,ANIMATED ITEMS
,Air Bior pullover sweater,Abibas pants,Abibas Marquee Boost Lows shoes,boxing gloves,alien with neon eyes mask,Satanic horns,Vasio G-Shock watch,Backpack from the Cubic Friend paired set skin,Aghhhhh,Chick
,black jacket with yellow trim,Abibas sport pants,Abibas Pro Bounce 2019 Lows shoes,chain around the body accessory,anime mask,,Volex watch of type *,Backpack with piggy keychain skin,Boowomp,Fire Ring
,bomber jacket with glowing elements,Abibas sweatpants,Abibas Pezy Boost 700 V3 Alvah shoes,chain lost treasure neon accessory,bandana mask,,Kolex watch of type *,Branded Small backpack skin,Bonk,Lightning Charge
,branded insulated hoodie,bright trousers,Abibas Pezy foam shoes,Cyberpunk greatsword accessory,baseball mask,,,Capsule backpack skin,Bro,
,branded longsleeve,Bior pants,Acic Gel Kayano sneakers.,deer antler accessory,Bigness mask,,,Chain bag with spikes skin,Brother eww,
,branded T-shirt,Grand RP collection pants,Ground Mordan 4 Retro Laser 30th shoes,deer antlers with a red nose accessory,boxing helmet,,,Classic Lui Vui backpack skin,Cartoon tickle,
,bright hoodie,Muci pants,Muci branded flip-flops,flying bear on the shoulder accessory,carnival mask,,,Cloud backpack skin,Directed by,
,branded Molo T-shirt,Muci trousers,Mordan 1 shoes,gloves,Casual neon helmet,,,Cross backpack skin,Duck,
,Casual neon set,Casual neon pants,Mordan 6 shoes,glowing snow glasses,Christmas tree mask,,,Duffel Bag skin,Faaah,
,Casual neon torso,Classic denim shorts,luminous shoes ,,Satanic horns,,,Fur-lined bunny backpack,Festive whistle,
,Chanel top,half-glowing pants,Off-White luminous Keezy Boost shoes ,Grand Chain,clown mask,,,Gauard bag with Ladudu skin,Goofy laugh,
,collection 2022 T-shirt,insulated personal pants,luminous Keezy Boost shoes,hearts Pride glasses,cowgirl hat,,,Gingerbread house backpack skin,I love you,
,cropp collection T-shirt,Lui Vi pants,neon shoes,neck scarf accessory,Cupids crown,,,Gayardo shoulder bag skin,Kiss,
,denim jacket,luminous Fendi pants,Niki Groundporce One new collection shoes,pixel glasses,Daft Punk mask,,,Grand backpack skin,Laughter,
,,luminous Grand RP trousers,Niki Shox shoes, Satanic Wings,demon mask,,,Happy bear shoulder bag skin,Mwahahaha,
,fur coat without a hood,LM Playboy pants with luminous print,Niki Uptempo shoes,shiny deer antler headband accessory,desert scarf mask,,,HaHaHa set crossbody bag skin,No no no no wait,
,Glowing Bomber Set NEW Sample LW,luminous trousers,,snowflake glasses,LM Playboy mask with luminous print,,,Large LV crossbody bag skin,Romantic,
,Grand RP collection hoodie,Leather gothic pants,Niki Zoom Freak 1 Multi-Color shoes,Snake around the body accessory,Lui Vi desert scarf mask,,,LUV backpack with wings skin,Sad violin,
,Grand RP collection T-shirt,new fashionable joggers,,wristband accessory,devil mask,,,Luv Moscnino spiky heart backpack skin,Skeleton hits a shield,
,haliky hoodie,Niki new collection pants,Off-White Pezy Boost shoes,,earphones with a heart,,,LV backpack with water prints skin,Suspicious,
,haliky T-shirt,Niki tech fleece pants,red sneakers,,emoji mask,,,LV crossbody bag skin,Suspicious sound,
,Hoodie with Balaclava Cap X Yazzy,Niki track suit pants,RGB neon shoes,,evil mask,,,LW Crossbody Bag skin,Uwu,
,jacket with luminous trim,neon pants,Pans sneakers,,exotic mask,,,Memo Bag Ladudu skin,Vagabond,
,jacket with T-shirt,Neon Pants Set New Sample LW,Pezy Boost shoes,,fox mask,,,Motosport Waist bag skin,Whistle sound,
,Lui Vi jacket,summer voyage shorts,rare luminous shoes,,gorilla mask,,,Neon Chrome handbag skin,Woooow,
,Lui Vi sweatshirt,Shorts Lui Vi,Casual neon shoes,,Glowing face scarf mask,,,Scary chicken backpack skin,Yeah boy,
,Lui Vi full set,TRON pants,Balenciaga Track sneakers,,handkerchief mask,,,Skeleton cheetah plush backpack skin,Sad sound,
,Lui Vi T-shirt,,TRON shoes,,,,,Small shoulder bag LW skin,Toy sound,
,LM Playboy sweatshirt with luminous print,,Alastor McQueen Oversized sneakers,,Jason blue mask,,,SSC Kit Bag skin,,
,LM Playboy jacket with luminous print,,,,kitsune mask,,,Sweet Sheep fur bag,,
,LM Playboy T-shirt with luminous print,,,,luminous head bag mask,,,,,
,LM Playboy full set with luminous print,,,,Sashmello mask,,,,,
,Lui Vi top,,,,Munk mask,,,,,
,Mikachu hoodie,,,,monkey boss mask,,,,,
,mix collection T-shirt,,,,Nik mask,,,,,
,Muci hoodie,,,,owl mask,,,,,
,Muci hoodie with snake,,,,panama hat,,,,,
,Muci Not Fake hoodie,,,,penguin mask,,,,,
,,,,,pig mask,,,,,
,Muci sweatshirt,,,,purge mask,,,,,
,Niki new collection hoodie,,,,raccoon mask,,,,,
,Niki tech top,,,,raptor mask,,,,,
,Niki track suit top,,,,raven mask,,,,,
,Off-White sweatshirt,,,,Razer headphones,,,,,
,Philip Plein T-shirt,,,,red stocking mask,,,,,
,scary turtleneck T-shirt,,,,reindeer mask,,,,,
,Social Club hoodie,,,,,,,,,
,Ston Islan Classic Sportswear,,,,robot human mask,,,,,
,summer collection T-shirt,,,,robot mask,,,,,
,T-shirt of one-color CAP brand,,,,rooster mask,,,,,
,The West Pace jacket,,,,samurai mask,,,,,
,trendy jacket,,,,Santa Claus mask,,,,,
,TRON full set,,,,shamanic mask,,,,,
,TRON torso,,,,Saruko neon mask,,,,,
,Tsum collection T-shirt,,,,skeleton king mask,,,,,
,vintage Abibas Olympic Jerseys,,,,snowboarders mask,,,,,
,luminous jacket with turquoise trim ,,,,snowflake glasses,,,,,
,luminous T-shirt,,,,snowman mask,,,,,
,UP-Green Sweatshirt,,,,sports mask,,,,,
,Wide printed football T-shirt,,,,stealthy mask,,,,,
,,,,,tied scarf mask,,,,,
,,,,,tight mask,,,,,
,,,,,toothy mask,,,,,
,,,,,trending shark head hat,,,,,
,,,,,TRON helmet,,,,,
,,,,,TV-head mask,,,,,
,,,,,,,,,,
,,,,,,,,,,
,,,,,,,,,,
FEMALE,TOP/HOODIE,PANTS,SHOES,ACCESSORY,MASKS,HEADWEAR,WATCH,BACKPACKS,Dress,
,bandana top,Abibas leggings,tall boots,navel piercing accessory,,rabbit ears,Volex watch of type *,,luminous dress,
,collection 5 top,Abibas pants,luminous shoes,,,,Kolex watch of type *,,Love costume,
,corset top,jeans,,,,,,,Spring set S23,
,day dress,skirt with tights,,,,,,,Wedding dress,
,dress,Muci shorts,,,,,,,,
,faution top,Custom Jeans,,,,,,,,
,jumpsuit,,,,,,,,,
,long brand T-shirt,,,,,,,,,
,low dress,,,,,,,,,
,pullover with long sleeve,,,,,,,,,
,short pullover,,,,,,,,,
,stylish suit,,,,,,,,,
,summer bra,,,,,,,,,
,top 2 outerwear,,,,,,,,,
,top Faution,,,,,,,,,
,top with chains,,,,,,,,,
,Watch Me sweater,,,,,,,,,
,winter collection dress,,,,,,,,,